1.984938608458072240e-01,0.000000000000000000e+00,0.000000000000000000e+00,0.000000000000000000e+00,-1.943130018103427226e-01
3.969616866027878554e-01,0.000000000000000000e+00,0.000000000000000000e+00,0.000000000000000000e+00,-3.888270002292648075e-01
5.952775157660726846e-01,0.000000000000000000e+00,0.000000000000000000e+00,0.000000000000000000e+00,-5.835000138706043504e-01
7.933151007333225646e-01,0.000000000000000000e+00,0.000000000000000000e+00,0.000000000000000000e+00,-7.782896944295704111e-01
9.909477412025113896e-01,0.000000000000000000e+00,0.000000000000000000e+00,0.000000000000000000e+00,-9.731529151783683274e-01
1.188048456659249075e+00,0.000000000000000000e+00,0.000000000000000000e+00,0.000000000000000000e+00,-1.168045685920583221e+00
1.384490160213319054e+00,0.000000000000000000e+00,0.000000000000000000e+00,0.000000000000000000e+00,-1.362923066462461197e+00
1.580145833332202487e+00,0.000000000000000000e+00,0.000000000000000000e+00,0.000000000000000000e+00,-1.557739078721940507e+00
1.774888701023054294e+00,0.000000000000000000e+00,0.000000000000000000e+00,0.000000000000000000e+00,-1.752446617596946643e+00
1.968592407020290258e+00,0.000000000000000000e+00,0.000000000000000000e+00,0.000000000000000000e+00,-1.946997360713227376e+00
2.161131188544624049e+00,0.000000000000000000e+00,0.000000000000000000e+00,0.000000000000000000e+00,-2.141341677169865232e+00
2.352380050210951090e+00,0.000000000000000000e+00,0.000000000000000000e+00,0.000000000000000000e+00,-2.335428535397582994e+00
2.542214936676801429e+00,0.000000000000000000e+00,0.000000000000000000e+00,0.000000000000000000e+00,-2.529205410241070595e+00
2.730512903640050393e+00,0.000000000000000000e+00,0.000000000000000000e+00,0.000000000000000000e+00,-2.722618189371825093e+00
2.917152286813970097e+00,0.000000000000000000e+00,0.000000000000000000e+00,0.000000000000000000e+00,-2.915611079132385264e+00
3.102012868529389511e+00,0.000000000000000000e+00,0.000000000000000000e+00,0.000000000000000000e+00,-3.108126509906343760e+00
3.284976041637404087e+00,0.000000000000000000e+00,0.000000000000000000e+00,0.000000000000000000e+00,-3.300105041101013548e+00
3.465924970684827855e+00,0.000000000000000000e+00,0.000000000000000000e+00,0.000000000000000000e+00,-3.491485266201977300e+00
3.644744750227251640e+00,0.000000000000000000e+00,0.000000000000000000e+00,0.000000000000000000e+00,-3.682203718140425686e+00
3.821322557316983559e+00,0.000000000000000000e+00,0.000000000000000000e+00,0.000000000000000000e+00,-3.872194771310989658e+00
3.995547802661125747e+00,0.000000000000000000e+00,0.000000000000000000e+00,0.000000000000000000e+00,-4.061390546808270940e+00
4.167312277096677064e+00,0.000000000000000000e+00,0.000000000000000000e+00,0.000000000000000000e+00,-4.249720816478452790e+00
4.336510293992101417e+00,0.000000000000000000e+00,0.000000000000000000e+00,0.000000000000000000e+00,-4.437112906874883578e+00
4.503038827450796866e+00,0.000000000000000000e+00,0.000000000000000000e+00,0.000000000000000000e+00,-4.623491603096696601e+00
4.666797646222385687e+00,0.000000000000000000e+00,0.000000000000000000e+00,0.000000000000000000e+00,-4.808779052452372582e+00
4.827689443257827229e+00,0.000000000000000000e+00,0.000000000000000000e+00,0.000000000000000000e+00,-4.992894667839334666e+00
4.985619960131965733e+00,0.000000000000000000e+00,0.000000000000000000e+00,0.000000000000000000e+00,-5.175755029395785023e+00
5.140505786497107543e+00,0.000000000000000000e+00,0.000000000000000000e+00,0.000000000000000000e+00,-5.357283985173857843e+00
5.292252129464040777e+00,0.000000000000000000e+00,0.000000000000000000e+00,0.000000000000000000e+00,-5.537383227595386259e+00
5.440774659934747959e+00,0.000000000000000000e+00,0.000000000000000000e+00,0.000000000000000000e+00,-5.715960490707340469e+00
5.585992565826011003e+00,0.000000000000000000e+00,0.000000000000000000e+00,0.000000000000000000e+00,-5.892920339039525501e+00
5.727828657289002479e+00,0.000000000000000000e+00,0.000000000000000000e+00,0.000000000000000000e+00,-6.068164080402056015e+00
5.866209468086550416e+00,0.000000000000000000e+00,0.000000000000000000e+00,0.000000000000000000e+00,-6.241589680211800051e+00
6.001064916235226754e+00,0.000000000000000000e+00,0.000000000000000000e+00,0.000000000000000000e+00,-6.413091121927352312e+00
6.132329688237696530e+00,0.000000000000000000e+00,0.000000000000000000e+00,0.000000000000000000e+00,-6.582559956663510015e+00
6.259942060408866915e+00,0.000000000000000000e+00,0.000000000000000000e+00,0.000000000000000000e+00,-6.749883624516885838e+00
6.383844402931790007e+00,0.000000000000000000e+00,0.000000000000000000e+00,0.000000000000000000e+00,-6.914945900226905806e+00
6.503983264496451255e+00,0.000000000000000000e+00,0.000000000000000000e+00,0.000000000000000000e+00,-7.077626818975188527e+00
6.620309454136461547e+00,0.000000000000000000e+00,0.000000000000000000e+00,0.000000000000000000e+00,-7.237802605490781360e+00
6.732778120444867120e+00,0.000000000000000000e+00,0.000000000000000000e+00,0.000000000000000000e+00,-7.395345606867580024e+00
6.841348828341381250e+00,0.000000000000000000e+00,0.000000000000000000e+00,0.000000000000000000e+00,-7.550124229505298601e+00
6.945985633549793370e+00,0.000000000000000000e+00,0.000000000000000000e+00,0.000000000000000000e+00,-7.702002880542263341e+00
7.046657154926029953e+00,0.000000000000000000e+00,0.000000000000000000e+00,0.000000000000000000e+00,-7.850841913996011279e+00
7.143336644754328724e+00,0.000000000000000000e+00,0.000000000000000000e+00,0.000000000000000000e+00,-7.996497581428323009e+00
7.236000740476542070e+00,0.000000000000000000e+00,0.000000000000000000e+00,0.000000000000000000e+00,-8.138818179935409347e+00
7.324633394167464395e+00,0.000000000000000000e+00,0.000000000000000000e+00,0.000000000000000000e+00,-8.277654412037595222e+00
7.409222157304818701e+00,0.000000000000000000e+00,0.000000000000000000e+00,0.000000000000000000e+00,-8.412849477642630802e+00
7.489761958156128330e+00,0.000000000000000000e+00,0.000000000000000000e+00,0.000000000000000000e+00,-8.544253631259573822e+00
7.566247014718122443e+00,0.000000000000000000e+00,0.000000000000000000e+00,0.000000000000000000e+00,-8.671691361335232884e+00
7.638681432351764222e+00,0.000000000000000000e+00,0.000000000000000000e+00,0.000000000000000000e+00,-8.794998490443296291e+00
7.707071858127408248e+00,0.000000000000000000e+00,0.000000000000000000e+00,0.000000000000000000e+00,-8.913999863179355998e+00
7.771429972426476596e+00,0.000000000000000000e+00,0.000000000000000000e+00,0.000000000000000000e+00,-9.028516014014099866e+00
7.831774469373873337e+00,0.000000000000000000e+00,0.000000000000000000e+00,0.000000000000000000e+00,-9.138368057344600004e+00
7.888128359179395588e+00,0.000000000000000000e+00,0.000000000000000000e+00,0.000000000000000000e+00,-9.243370857227349191e+00
7.940519916179090920e+00,0.000000000000000000e+00,0.000000000000000000e+00,0.000000000000000000e+00,-9.343335049278744364e+00
7.988982718673911521e+00,0.000000000000000000e+00,0.000000000000000000e+00,0.000000000000000000e+00,-9.438065735373420750e+00
8.033556749486946202e+00,0.000000000000000000e+00,0.000000000000000000e+00,0.000000000000000000e+00,-9.527377894362869526e+00
8.074284124792727724e+00,0.000000000000000000e+00,0.000000000000000000e+00,0.000000000000000000e+00,-9.611057424581606057e+00
8.111215577242369079e+00,0.000000000000000000e+00,0.000000000000000000e+00,0.000000000000000000e+00,-9.688905616641477536e+00
8.144406160961361607e+00,0.000000000000000000e+00,0.000000000000000000e+00,0.000000000000000000e+00,-9.760706403272678244e+00
8.173917465408777616e+00,0.000000000000000000e+00,0.000000000000000000e+00,0.000000000000000000e+00,-9.826284157165611433e+00
8.199813010329602747e+00,0.000000000000000000e+00,0.000000000000000000e+00,0.000000000000000000e+00,-9.885359422753232650e+00
8.222166359123560753e+00,0.000000000000000000e+00,0.000000000000000000e+00,0.000000000000000000e+00,-9.937762719770525166e+00
8.241056732891085090e+00,0.000000000000000000e+00,0.000000000000000000e+00,0.000000000000000000e+00,-9.979220043812949470e+00
8.256577198665837614e+00,0.000000000000000000e+00,0.000000000000000000e+00,0.000000000000000000e+00,-9.998770488194574924e+00
8.268818200975015742e+00,0.000000000000000000e+00,0.000000000000000000e+00,0.000000000000000000e+00,-9.999869010880043874e+00
8.277875296191643528e+00,0.000000000000000000e+00,0.000000000000000000e+00,0.000000000000000000e+00,-9.999824096946829499e+00
8.283845967522312392e+00,0.000000000000000000e+00,0.000000000000000000e+00,0.000000000000000000e+00,-9.999590834066086842e+00
8.286831501800508093e+00,0.000000000000000000e+00,0.000000000000000000e+00,0.000000000000000000e+00,-9.999791566203713344e+00
8.286935317658802092e+00,0.000000000000000000e+00,0.000000000000000000e+00,0.000000000000000000e+00,-9.997889003905195082e+00
8.284267337701127332e+00,0.000000000000000000e+00,0.000000000000000000e+00,0.000000000000000000e+00,-9.989585020354800449e+00
8.278940680572377531e+00,0.000000000000000000e+00,0.000000000000000000e+00,0.000000000000000000e+00,-9.972798356186432400e+00
8.271074772435961009e+00,0.000000000000000000e+00,0.000000000000000000e+00,0.000000000000000000e+00,-9.947290355693882091e+00
8.260791434516123743e+00,0.000000000000000000e+00,0.000000000000000000e+00,0.000000000000000000e+00,-9.913026562551884524e+00
8.248217218843748810e+00,0.000000000000000000e+00,0.000000000000000000e+00,0.000000000000000000e+00,-9.869723130582004345e+00
8.233478146019235666e+00,0.000000000000000000e+00,0.000000000000000000e+00,0.000000000000000000e+00,-9.817152150913418751e+00
8.216706632743074223e+00,0.000000000000000000e+00,0.000000000000000000e+00,0.000000000000000000e+00,-9.755175181651921434e+00
8.198037427072991434e+00,0.000000000000000000e+00,0.000000000000000000e+00,0.000000000000000000e+00,-9.683630951665705311e+00
8.177603685108747911e+00,0.000000000000000000e+00,0.000000000000000000e+00,0.000000000000000000e+00,-9.602343863148654179e+00
8.155543568554811884e+00,0.000000000000000000e+00,0.000000000000000000e+00,0.000000000000000000e+00,-9.511196723828589938e+00
8.131995038912945617e+00,0.000000000000000000e+00,0.000000000000000000e+00,0.000000000000000000e+00,-9.410076555162026679e+00
8.107096519533339318e+00,0.000000000000000000e+00,0.000000000000000000e+00,0.000000000000000000e+00,-9.298867195155489540e+00
8.080986336220451705e+00,0.000000000000000000e+00,0.000000000000000000e+00,0.000000000000000000e+00,-9.177475303237335069e+00
8.053802137905581304e+00,0.000000000000000000e+00,0.000000000000000000e+00,0.000000000000000000e+00,-9.045826292017284942e+00
8.025680293832522239e+00,0.000000000000000000e+00,0.000000000000000000e+00,0.000000000000000000e+00,-8.903864562641855329e+00
7.996756316668498066e+00,0.000000000000000000e+00,0.000000000000000000e+00,0.000000000000000000e+00,-8.751556427153092343e+00
7.967161074565553669e+00,0.000000000000000000e+00,0.000000000000000000e+00,0.000000000000000000e+00,-8.588885708871908164e+00
7.937020862403473487e+00,0.000000000000000000e+00,0.000000000000000000e+00,0.000000000000000000e+00,-8.415855390184217910e+00
7.906463149385597688e+00,0.000000000000000000e+00,0.000000000000000000e+00,0.000000000000000000e+00,-8.232504636364954109e+00
7.875609669094750132e+00,0.000000000000000000e+00,0.000000000000000000e+00,0.000000000000000000e+00,-8.038891358189609093e+00
7.844574416389582083e+00,0.000000000000000000e+00,0.000000000000000000e+00,0.000000000000000000e+00,-7.835095660787604999e+00
7.813467030225395682e+00,0.000000000000000000e+00,0.000000000000000000e+00,0.000000000000000000e+00,-7.621226744468912351e+00
7.782390854775841582e+00,0.000000000000000000e+00,0.000000000000000000e+00,0.000000000000000000e+00,-7.397421145227346173e+00
7.751442391534823173e+00,0.000000000000000000e+00,0.000000000000000000e+00,0.000000000000000000e+00,-7.163843304678503721e+00
7.720710795542542471e+00,0.000000000000000000e+00,0.000000000000000000e+00,0.000000000000000000e+00,-6.920685976498201164e+00
7.690277423723263617e+00,0.000000000000000000e+00,0.000000000000000000e+00,0.000000000000000000e+00,-6.668170452060609321e+00
7.660215443144969605e+00,0.000000000000000000e+00,0.000000000000000000e+00,0.000000000000000000e+00,-6.406546586026959922e+00
7.630589506286216128e+00,0.000000000000000000e+00,0.000000000000000000e+00,0.000000000000000000e+00,-6.136092631471178116e+00
7.601455499915921621e+00,0.000000000000000000e+00,0.000000000000000000e+00,0.000000000000000000e+00,-5.857114843407774885e+00
7.572860373178640359e+00,0.000000000000000000e+00,0.000000000000000000e+00,0.000000000000000000e+00,-5.569946865242205725e+00
7.544842049379512083e+00,0.000000000000000000e+00,0.000000000000000000e+00,0.000000000000000000e+00,-5.274948888598000707e+00
7.517429424797500204e+00,0.000000000000000000e+00,0.000000000000000000e+00,0.000000000000000000e+00,-4.972506584220448111e+00
7.490642455749231488e+00,0.000000000000000000e+00,0.000000000000000000e+00,0.000000000000000000e+00,-4.663029801123663276e+00
7.464491662828092622e+00,0.000000000000000000e+00,0.000000000000000000e+00,0.000000000000000000e+00,-4.346950264796660690e+00
7.438980426295714210e+00,0.000000000000000000e+00,0.000000000000000000e+00,0.000000000000000000e+00,-4.024719352957903062e+00
7.414103932966668253e+00,0.000000000000000000e+00,0.000000000000000000e+00,0.000000000000000000e+00,-3.696808901173743500e+00
7.389604383331312754e+00,0.000000000000000000e+00,0.000000000000000000e+00,0.000000000000000000e+00,-2.985135855099733782e+00
7.365388520078706591e+00,0.000000000000000000e+00,0.000000000000000000e+00,0.000000000000000000e+00,-2.031319150447775002e+00
7.341507875463333832e+00,0.000000000000000000e+00,0.000000000000000000e+00,0.000000000000000000e+00,-1.195405981487887237e+00
7.317961666662973208e+00,0.000000000000000000e+00,0.000000000000000000e+00,0.000000000000000000e+00,-5.806892693722465193e-01
7.294730451796294091e+00,0.000000000000000000e+00,0.000000000000000000e+00,0.000000000000000000e+00,-1.766039706950268962e-01
7.271730957120725591e+00,0.000000000000000000e+00,0.000000000000000000e+00,0.000000000000000000e+00,1.591439177743282363e-01
7.248893266125572055e+00,0.000000000000000000e+00,0.000000000000000000e+00,0.000000000000000000e+00,4.944226199910937147e-01
7.226175058817851493e+00,0.000000000000000000e+00,0.000000000000000000e+00,0.000000000000000000e+00,8.287383485886758994e-01
7.203534133395153027e+00,0.000000000000000000e+00,0.000000000000000000e+00,0.000000000000000000e+00,1.161646896101517168e+00
7.180929673706944349e+00,0.000000000000000000e+00,0.000000000000000000e+00,0.000000000000000000e+00,1.492710108373440869e+00
7.158322198083714838e+00,0.000000000000000000e+00,0.000000000000000000e+00,0.000000000000000000e+00,1.821509788967780485e+00
7.135675612182230232e+00,0.000000000000000000e+00,0.000000000000000000e+00,0.000000000000000000e+00,2.147633545478618178e+00
7.112955960568169367e+00,0.000000000000000000e+00,0.000000000000000000e+00,0.000000000000000000e+00,2.470694413850089255e+00
7.090132304678955499e+00,0.000000000000000000e+00,0.000000000000000000e+00,0.000000000000000000e+00,2.790323600677371285e+00
7.067176996289171065e+00,0.000000000000000000e+00,0.000000000000000000e+00,0.000000000000000000e+00,3.106172167908610504e+00
7.044067024976865987e+00,0.000000000000000000e+00,0.000000000000000000e+00,0.000000000000000000e+00,3.417911088194119262e+00
7.020780778595126392e+00,0.000000000000000000e+00,0.000000000000000000e+00,0.000000000000000000e+00,3.725234377712049572e+00
6.997300130895432346e+00,0.000000000000000000e+00,0.000000000000000000e+00,0.000000000000000000e+00,4.027857059080719004e+00
6.973613706384815814e+00,0.000000000000000000e+00,0.000000000000000000e+00,0.000000000000000000e+00,4.325514825693185017e+00
6.949712534592450197e+00,0.000000000000000000e+00,0.000000000000000000e+00,0.000000000000000000e+00,4.617965787277905854e+00
6.925591482708981950e+00,0.000000000000000000e+00,0.000000000000000000e+00,0.000000000000000000e+00,4.904989690999662422e+00
6.901249186671438274e+00,0.000000000000000000e+00,0.000000000000000000e+00,0.000000000000000000e+00,5.186387669699417557e+00
6.876687948457375299e+00,0.000000000000000000e+00,0.000000000000000000e+00,0.000000000000000000e+00,5.461981875365349737e+00
6.851913602165307537e+00,0.000000000000000000e+00,0.000000000000000000e+00,0.000000000000000000e+00,5.731615009788069592e+00
6.826935353154793162e+00,0.000000000000000000e+00,0.000000000000000000e+00,0.000000000000000000e+00,5.995149764051022956e+00
6.801765594489275202e+00,0.000000000000000000e+00,0.000000000000000000e+00,0.000000000000000000e+00,6.252468177811976169e+00
6.776420430639100267e+00,0.000000000000000000e+00,0.000000000000000000e+00,0.000000000000000000e+00,6.503471350451892619e+00
6.750917260801917230e+00,0.000000000000000000e+00,0.000000000000000000e+00,0.000000000000000000e+00,6.748077564441651965e+00
6.725276782449027380e+00,0.000000000000000000e+00,0.000000000000000000e+00,0.000000000000000000e+00,6.986222544595031891e+00
6.699521990466560162e+00,0.000000000000000000e+00,0.000000000000000000e+00,0.000000000000000000e+00,7.217858249224922140e+00
6.673677947677990829e+00,0.000000000000000000e+00,0.000000000000000000e+00,0.000000000000000000e+00,7.442952029339910958e+00
6.647771544875645588e+00,0.000000000000000000e+00,0.000000000000000000e+00,0.000000000000000000e+00,7.661485748051137357e+00
6.621830394577026269e+00,0.000000000000000000e+00,0.000000000000000000e+00,0.000000000000000000e+00,7.873452428266565661e+00
6.595885212056445290e+00,0.000000000000000000e+00,0.000000000000000000e+00,0.000000000000000000e+00,8.078861833665756720e+00
6.569966958307785099e+00,0.000000000000000000e+00,0.000000000000000000e+00,0.000000000000000000e+00,8.277733367491553196e+00
6.544108885326905600e+00,0.000000000000000000e+00,0.000000000000000000e+00,0.000000000000000000e+00,8.470106930812688617e+00
6.518342149169999544e+00,0.000000000000000000e+00,0.000000000000000000e+00,0.000000000000000000e+00,8.656017083514992549e+00
6.492699269959127939e+00,0.000000000000000000e+00,0.000000000000000000e+00,0.000000000000000000e+00,8.835512519715218005e+00
6.467214132643548830e+00,0.000000000000000000e+00,0.000000000000000000e+00,0.000000000000000000e+00,9.008653963135749621e+00
6.441920207704293411e+00,0.000000000000000000e+00,0.000000000000000000e+00,0.000000000000000000e+00,9.175508081275902228e+00
6.416850919089196026e+00,0.000000000000000000e+00,0.000000000000000000e+00,0.000000000000000000e+00,9.336147670722391823e+00
6.392039488524513757e+00,0.000000000000000000e+00,0.000000000000000000e+00,0.000000000000000000e+00,9.490642540764973489e+00
6.367518797183660872e+00,0.000000000000000000e+00,0.000000000000000000e+00,0.000000000000000000e+00,9.639098785580138440e+00
6.343321753581165012e+00,0.000000000000000000e+00,0.000000000000000000e+00,0.000000000000000000e+00,9.781603738547818949e+00
6.319478685748280533e+00,0.000000000000000000e+00,0.000000000000000000e+00,0.000000000000000000e+00,9.915249665510778243e+00
6.296012709211116665e+00,0.000000000000000000e+00,0.000000000000000000e+00,0.000000000000000000e+00,9.990711535514277486e+00
6.272947168268597551e+00,0.000000000000000000e+00,0.000000000000000000e+00,0.000000000000000000e+00,9.999975989593192338e+00
6.250304122496031844e+00,0.000000000000000000e+00,0.000000000000000000e+00,0.000000000000000000e+00,9.999979297718857296e+00
6.228104111830249145e+00,0.000000000000000000e+00,0.000000000000000000e+00,0.000000000000000000e+00,9.999978234980687830e+00
6.206366245540615445e+00,0.000000000000000000e+00,0.000000000000000000e+00,0.000000000000000000e+00,9.999977070240563037e+00
6.185108284919480504e+00,0.000000000000000000e+00,0.000000000000000000e+00,0.000000000000000000e+00,9.999975802299166716e+00
6.164346715978687996e+00,0.000000000000000000e+00,0.000000000000000000e+00,0.000000000000000000e+00,9.999974476778644927e+00
-9.999998782334412084e+00,0.000000000000000000e+00,0.000000000000000000e+00,0.000000000000000000e+00,-9.999999098381858076e+00
-9.999996467859824989e+00,0.000000000000000000e+00,0.000000000000000000e+00,0.000000000000000000e+00,-9.999997339045656020e+00
-9.999996467800619016e+00,0.000000000000000000e+00,0.000000000000000000e+00,0.000000000000000000e+00,-9.999997339009697228e+00
-9.999996467758922591e+00,0.000000000000000000e+00,0.000000000000000000e+00,0.000000000000000000e+00,-9.999997338984435657e+00
-9.999996467564326252e+00,0.000000000000000000e+00,0.000000000000000000e+00,0.000000000000000000e+00,-9.999997338644281086e+00
-9.999996467784612264e+00,0.000000000000000000e+00,0.000000000000000000e+00,0.000000000000000000e+00,-9.999997339017811626e+00
-9.999996467709680203e+00,0.000000000000000000e+00,0.000000000000000000e+00,0.000000000000000000e+00,-9.999997338976937655e+00
-9.999996467830030156e+00,0.000000000000000000e+00,0.000000000000000000e+00,0.000000000000000000e+00,-9.999997339034228716e+00
-9.999996467834163738e+00,0.000000000000000000e+00,0.000000000000000000e+00,0.000000000000000000e+00,-9.999997339025874510e+00
-9.999996467832723113e+00,0.000000000000000000e+00,0.000000000000000000e+00,0.000000000000000000e+00,-9.999997339024265131e+00
-9.999996467832314551e+00,0.000000000000000000e+00,0.000000000000000000e+00,0.000000000000000000e+00,-9.999997339023616760e+00
-9.999996467830220226e+00,0.000000000000000000e+00,0.000000000000000000e+00,0.000000000000000000e+00,-9.999997339030141319e+00
-9.999996467786848697e+00,0.000000000000000000e+00,0.000000000000000000e+00,0.000000000000000000e+00,-9.999997339007556718e+00
-9.999996467775185138e+00,0.000000000000000000e+00,0.000000000000000000e+00,0.000000000000000000e+00,-9.999997339000962882e+00
-9.999996468297631225e+00,0.000000000000000000e+00,0.000000000000000000e+00,0.000000000000000000e+00,-9.999997337716877155e+00
-9.999996467328053029e+00,0.000000000000000000e+00,0.000000000000000000e+00,0.000000000000000000e+00,-9.999997338525631108e+00
-9.999996467230520381e+00,0.000000000000000000e+00,0.000000000000000000e+00,0.000000000000000000e+00,-9.999997338476896758e+00
-9.999996465559497949e+00,0.000000000000000000e+00,0.000000000000000000e+00,0.000000000000000000e+00,-9.999997336720127805e+00
-9.999996467650397847e+00,0.000000000000000000e+00,0.000000000000000000e+00,0.000000000000000000e+00,-9.999997338469132302e+00
-9.999998192964239863e+00,0.000000000000000000e+00,0.000000000000000000e+00,0.000000000000000000e+00,-9.999998826465024138e+00
-9.999998297429026906e+00,0.000000000000000000e+00,0.000000000000000000e+00,0.000000000000000000e+00,-9.999998895521365228e+00
-9.999998199926189102e+00,0.000000000000000000e+00,0.000000000000000000e+00,0.000000000000000000e+00,-9.999998831148642964e+00
-9.999998195454539385e+00,0.000000000000000000e+00,0.000000000000000000e+00,0.000000000000000000e+00,-9.999998828389779604e+00
-9.999998199664165810e+00,0.000000000000000000e+00,0.000000000000000000e+00,0.000000000000000000e+00,-9.999998830903859215e+00
-9.999998203742711311e+00,0.000000000000000000e+00,0.000000000000000000e+00,0.000000000000000000e+00,-9.999998833936244225e+00
-9.999998196097081404e+00,0.000000000000000000e+00,0.000000000000000000e+00,0.000000000000000000e+00,-9.999998503686883922e+00
-9.999998197408311640e+00,0.000000000000000000e+00,0.000000000000000000e+00,0.000000000000000000e+00,-9.999996895913289663e+00
-9.999998196425062602e+00,0.000000000000000000e+00,0.000000000000000000e+00,0.000000000000000000e+00,-8.605418033616262008e+00
-9.999998196426732378e+00,0.000000000000000000e+00,0.000000000000000000e+00,0.000000000000000000e+00,2.337467388532144530e-01
-9.999998196967968767e+00,0.000000000000000000e+00,0.000000000000000000e+00,0.000000000000000000e+00,2.318342876471702341e-01
-9.999998197478038975e+00,0.000000000000000000e+00,0.000000000000000000e+00,0.000000000000000000e+00,2.296239322853302067e-01
-9.999998197477587780e+00,0.000000000000000000e+00,0.000000000000000000e+00,0.000000000000000000e+00,2.276197018686760276e-01
-9.999998197408302758e+00,0.000000000000000000e+00,0.000000000000000000e+00,0.000000000000000000e+00,2.255029572757226708e-01
-9.999998196843346676e+00,0.000000000000000000e+00,0.000000000000000000e+00,0.000000000000000000e+00,2.235792435790883159e-01
-9.999998196502405179e+00,0.000000000000000000e+00,0.000000000000000000e+00,0.000000000000000000e+00,2.213347096225392330e-01
-9.999998197248483933e+00,0.000000000000000000e+00,0.000000000000000000e+00,0.000000000000000000e+00,2.193918226524306514e-01
-9.999998196519221949e+00,0.000000000000000000e+00,0.000000000000000000e+00,0.000000000000000000e+00,2.172591071963177189e-01
-9.999998197498195296e+00,0.000000000000000000e+00,0.000000000000000000e+00,0.000000000000000000e+00,2.151933771268878803e-01
-9.999998197484803342e+00,0.000000000000000000e+00,0.000000000000000000e+00,0.000000000000000000e+00,2.131969879671982981e-01
-9.999998197497607322e+00,0.000000000000000000e+00,0.000000000000000000e+00,0.000000000000000000e+00,2.111792985097803721e-01
-9.999998197484201157e+00,0.000000000000000000e+00,0.000000000000000000e+00,0.000000000000000000e+00,2.091091516340157219e-01
-9.999998196942463835e+00,0.000000000000000000e+00,0.000000000000000000e+00,0.000000000000000000e+00,2.071852336307119791e-01
-9.999998196511224791e+00,0.000000000000000000e+00,0.000000000000000000e+00,0.000000000000000000e+00,2.050984753076209310e-01
-9.999998196833969288e+00,0.000000000000000000e+00,0.000000000000000000e+00,0.000000000000000000e+00,2.031108771966933790e-01
-9.999998196736752831e+00,0.000000000000000000e+00,0.000000000000000000e+00,0.000000000000000000e+00,2.010511515084167089e-01
-9.999998197483490614e+00,0.000000000000000000e+00,0.000000000000000000e+00,0.000000000000000000e+00,1.989086566092340136e-01
-9.999998197496058339e+00,0.000000000000000000e+00,0.000000000000000000e+00,0.000000000000000000e+00,1.970583439553220684e-01
-9.999998196768757452e+00,0.000000000000000000e+00,0.000000000000000000e+00,0.000000000000000000e+00,1.951244119050168369e-01
-9.999998197166457103e+00,0.000000000000000000e+00,0.000000000000000000e+00,0.000000000000000000e+00,1.930819896648985623e-01
-9.999998197483600748e+00,0.000000000000000000e+00,0.000000000000000000e+00,0.000000000000000000e+00,1.908704982501623904e-01
-9.999998197483021656e+00,0.000000000000000000e+00,0.000000000000000000e+00,0.000000000000000000e+00,1.890643307514754679e-01
-9.999998196797635686e+00,0.000000000000000000e+00,0.000000000000000000e+00,0.000000000000000000e+00,1.872157041317178416e-01
-9.999998197482749873e+00,0.000000000000000000e+00,0.000000000000000000e+00,0.000000000000000000e+00,1.849637646026652538e-01
-9.999998197482790729e+00,0.000000000000000000e+00,0.000000000000000000e+00,0.000000000000000000e+00,1.831254046897569654e-01
-9.999998197483675355e+00,0.000000000000000000e+00,0.000000000000000000e+00,0.000000000000000000e+00,1.811734229113965144e-01
-9.999998197477363959e+00,0.000000000000000000e+00,0.000000000000000000e+00,0.000000000000000000e+00,1.792580738691873787e-01
-9.999998197482319995e+00,0.000000000000000000e+00,0.000000000000000000e+00,0.000000000000000000e+00,1.771739915838777546e-01
-9.999998197482531381e+00,0.000000000000000000e+00,0.000000000000000000e+00,0.000000000000000000e+00,1.752626644247008147e-01
-9.999998197136751088e+00,0.000000000000000000e+00,0.000000000000000000e+00,0.000000000000000000e+00,1.734888671843947683e-01
-9.999998197483284557e+00,0.000000000000000000e+00,0.000000000000000000e+00,0.000000000000000000e+00,1.712517188052065098e-01
-9.999998197482186768e+00,0.000000000000000000e+00,0.000000000000000000e+00,0.000000000000000000e+00,1.694316367048858130e-01
-9.999998197482206308e+00,0.000000000000000000e+00,0.000000000000000000e+00,0.000000000000000000e+00,1.674947996082781221e-01
-9.999998197121161780e+00,0.000000000000000000e+00,0.000000000000000000e+00,0.000000000000000000e+00,1.657260240357524839e-01
-9.999998197429897928e+00,0.000000000000000000e+00,0.000000000000000000e+00,0.000000000000000000e+00,1.636279903866721397e-01
-9.999998197482593554e+00,0.000000000000000000e+00,0.000000000000000000e+00,0.000000000000000000e+00,1.615927365804559201e-01
-9.999998197140259393e+00,0.000000000000000000e+00,0.000000000000000000e+00,0.000000000000000000e+00,1.599303853789229846e-01
-9.999998196179157972e+00,0.000000000000000000e+00,0.000000000000000000e+00,0.000000000000000000e+00,1.578305125362983730e-01
-9.999998197483419560e+00,0.000000000000000000e+00,0.000000000000000000e+00,0.000000000000000000e+00,1.558994074132187269e-01
-9.999998197482137030e+00,0.000000000000000000e+00,0.000000000000000000e+00,0.000000000000000000e+00,1.540724027968447818e-01
-9.999998196733379530e+00,0.000000000000000000e+00,0.000000000000000000e+00,0.000000000000000000e+00,1.521821935938865999e-01
-9.999998197404966760e+00,0.000000000000000000e+00,0.000000000000000000e+00,0.000000000000000000e+00,1.503846059114276323e-01
-9.999998197482028672e+00,0.000000000000000000e+00,0.000000000000000000e+00,0.000000000000000000e+00,1.482425604137594666e-01
-9.999998197382366172e+00,0.000000000000000000e+00,0.000000000000000000e+00,0.000000000000000000e+00,1.466488643866491193e-01
-9.999998194604698298e+00,0.000000000000000000e+00,0.000000000000000000e+00,0.000000000000000000e+00,1.445385781087974997e-01
-9.999998197482817375e+00,0.000000000000000000e+00,0.000000000000000000e+00,0.000000000000000000e+00,1.426265984590617542e-01
-9.999998197481765771e+00,0.000000000000000000e+00,0.000000000000000000e+00,0.000000000000000000e+00,1.408439054409886260e-01
-9.999998196780564896e+00,0.000000000000000000e+00,0.000000000000000000e+00,0.000000000000000000e+00,1.391045569526870029e-01
-9.999998197375987274e+00,0.000000000000000000e+00,0.000000000000000000e+00,0.000000000000000000e+00,1.371068573692957593e-01
-9.999998197482691253e+00,0.000000000000000000e+00,0.000000000000000000e+00,0.000000000000000000e+00,1.351182400942440853e-01
-9.999998197368784147e+00,0.000000000000000000e+00,0.000000000000000000e+00,0.000000000000000000e+00,1.335043482032495787e-01
-9.999998197364686092e+00,0.000000000000000000e+00,0.000000000000000000e+00,0.000000000000000000e+00,1.315161258697075397e-01
-9.999998195715287252e+00,0.000000000000000000e+00,0.000000000000000000e+00,0.000000000000000000e+00,1.296257310024604426e-01
-9.999998197483000340e+00,0.000000000000000000e+00,0.000000000000000000e+00,0.000000000000000000e+00,1.277632822155645165e-01
-9.999998197481881235e+00,0.000000000000000000e+00,0.000000000000000000e+00,0.000000000000000000e+00,1.260058103180571321e-01
-9.999998197483304097e+00,0.000000000000000000e+00,0.000000000000000000e+00,0.000000000000000000e+00,1.241401683152711932e-01
-9.999998197483975559e+00,0.000000000000000000e+00,0.000000000000000000e+00,0.000000000000000000e+00,1.223145774846489536e-01
-9.999998197343247242e+00,0.000000000000000000e+00,0.000000000000000000e+00,0.000000000000000000e+00,1.205798914673091582e-01
-9.999998197342501172e+00,0.000000000000000000e+00,0.000000000000000000e+00,0.000000000000000000e+00,1.186952659747214089e-01
-9.999998197340090655e+00,0.000000000000000000e+00,0.000000000000000000e+00,0.000000000000000000e+00,1.167941478269381439e-01
-9.999998197334701189e+00,0.000000000000000000e+00,0.000000000000000000e+00,0.000000000000000000e+00,1.150464527577240159e-01
-9.999998196757729829e+00,0.000000000000000000e+00,0.000000000000000000e+00,0.000000000000000000e+00,1.132629616355058100e-01
-9.999998197469512462e+00,0.000000000000000000e+00,0.000000000000000000e+00,0.000000000000000000e+00,1.112469069739821653e-01
-9.999998197308388015e+00,0.000000000000000000e+00,0.000000000000000000e+00,0.000000000000000000e+00,1.096572076497346615e-01
-9.999998196772722281e+00,0.000000000000000000e+00,0.000000000000000000e+00,0.000000000000000000e+00,1.078631613993774191e-01
-9.999998196772169834e+00,0.000000000000000000e+00,0.000000000000000000e+00,0.000000000000000000e+00,1.060487745803103121e-01
-9.999998197482062423e+00,0.000000000000000000e+00,0.000000000000000000e+00,0.000000000000000000e+00,1.040636062932576988e-01
-9.999998197317720994e+00,0.000000000000000000e+00,0.000000000000000000e+00,0.000000000000000000e+00,1.024504464769214196e-01
-9.999998197317692572e+00,0.000000000000000000e+00,0.000000000000000000e+00,0.000000000000000000e+00,1.006379788902778266e-01
-9.999998197483582985e+00,0.000000000000000000e+00,0.000000000000000000e+00,0.000000000000000000e+00,9.881636816741518059e-02
-9.999998196767769798e+00,0.000000000000000000e+00,0.000000000000000000e+00,0.000000000000000000e+00,9.718584644252525884e-02
-9.999998197312990555e+00,0.000000000000000000e+00,0.000000000000000000e+00,0.000000000000000000e+00,9.522579644919659803e-02
-9.999998197309922787e+00,0.000000000000000000e+00,0.000000000000000000e+00,0.000000000000000000e+00,9.355593860898223091e-02
-9.999998197307066405e+00,0.000000000000000000e+00,0.000000000000000000e+00,0.000000000000000000e+00,9.175647997451222282e-02
-9.999998197482979023e+00,0.000000000000000000e+00,0.000000000000000000e+00,0.000000000000000000e+00,9.000375767186617748e-02
-9.999998197188526561e+00,0.000000000000000000e+00,0.000000000000000000e+00,0.000000000000000000e+00,8.826671084011437907e-02
-9.999998197016525481e+00,0.000000000000000000e+00,0.000000000000000000e+00,0.000000000000000000e+00,8.664139465261880280e-02
-9.999998197295457913e+00,0.000000000000000000e+00,0.000000000000000000e+00,0.000000000000000000e+00,8.461985183359936602e-02
-9.999998197292537583e+00,0.000000000000000000e+00,0.000000000000000000e+00,0.000000000000000000e+00,8.302877024306361264e-02
-9.999998197481374973e+00,0.000000000000000000e+00,0.000000000000000000e+00,0.000000000000000000e+00,8.125163851392327996e-02
-9.999998196234123782e+00,0.000000000000000000e+00,0.000000000000000000e+00,0.000000000000000000e+00,7.963746409537973692e-02
-9.999998197476269723e+00,0.000000000000000000e+00,0.000000000000000000e+00,0.000000000000000000e+00,7.769405187677887181e-02
-9.999998196754008362e+00,0.000000000000000000e+00,0.000000000000000000e+00,0.000000000000000000e+00,7.608751795128199102e-02
-9.999998196181930865e+00,0.000000000000000000e+00,0.000000000000000000e+00,0.000000000000000000e+00,7.449399618994446970e-02
-9.999998197485030715e+00,0.000000000000000000e+00,0.000000000000000000e+00,0.000000000000000000e+00,7.245146346028587259e-02
-9.999998197467668604e+00,0.000000000000000000e+00,0.000000000000000000e+00,0.000000000000000000e+00,7.091602878525894715e-02
-9.999998197272883971e+00,0.000000000000000000e+00,0.000000000000000000e+00,0.000000000000000000e+00,6.922155646253359829e-02
-9.999998197415839840e+00,0.000000000000000000e+00,0.000000000000000000e+00,0.000000000000000000e+00,6.748533901194440909e-02
-9.999998197269279743e+00,0.000000000000000000e+00,0.000000000000000000e+00,0.000000000000000000e+00,6.577713635114530721e-02
-9.999998194984836886e+00,0.000000000000000000e+00,0.000000000000000000e+00,0.000000000000000000e+00,6.413898775960219512e-02
-9.999998196878587819e+00,0.000000000000000000e+00,0.000000000000000000e+00,0.000000000000000000e+00,6.244416826147453775e-02
-9.999998196758133062e+00,0.000000000000000000e+00,0.000000000000000000e+00,0.000000000000000000e+00,6.059119766015613057e-02
-9.999998197270508982e+00,0.000000000000000000e+00,0.000000000000000000e+00,0.000000000000000000e+00,5.896725306119669080e-02
-9.999998197484316620e+00,0.000000000000000000e+00,0.000000000000000000e+00,0.000000000000000000e+00,5.727771419281837278e-02
-9.999998197248331167e+00,0.000000000000000000e+00,0.000000000000000000e+00,0.000000000000000000e+00,5.571765633488884317e-02
-9.999998197321106730e+00,0.000000000000000000e+00,0.000000000000000000e+00,0.000000000000000000e+00,5.384489311387706534e-02
-9.999998197309405867e+00,0.000000000000000000e+00,0.000000000000000000e+00,0.000000000000000000e+00,5.227843049094792888e-02
-9.999998197249279741e+00,0.000000000000000000e+00,0.000000000000000000e+00,0.000000000000000000e+00,5.063238791059258836e-02
-9.999998195837928705e+00,0.000000000000000000e+00,0.000000000000000000e+00,0.000000000000000000e+00,4.896316976632745371e-02
-9.999998197226370067e+00,0.000000000000000000e+00,0.000000000000000000e+00,0.000000000000000000e+00,4.723573121847340905e-02
-9.999998197291246171e+00,0.000000000000000000e+00,0.000000000000000000e+00,0.000000000000000000e+00,4.556282440536959383e-02
-9.999998196777045933e+00,0.000000000000000000e+00,0.000000000000000000e+00,0.000000000000000000e+00,4.401418865705290090e-02
-9.999998197468897843e+00,0.000000000000000000e+00,0.000000000000000000e+00,0.000000000000000000e+00,4.225855221180642440e-02
-9.999998197488329410e+00,0.000000000000000000e+00,0.000000000000000000e+00,0.000000000000000000e+00,4.065921656860672223e-02
-9.999998197436683611e+00,0.000000000000000000e+00,0.000000000000000000e+00,0.000000000000000000e+00,3.899752398633019035e-02
-9.999998197409732725e+00,0.000000000000000000e+00,0.000000000000000000e+00,0.000000000000000000e+00,3.736934935953361431e-02
-9.999998196725281119e+00,0.000000000000000000e+00,0.000000000000000000e+00,0.000000000000000000e+00,3.577339097246416688e-02
-9.999998197370890907e+00,0.000000000000000000e+00,0.000000000000000000e+00,0.000000000000000000e+00,3.402232141167473717e-02
-9.999998197354448948e+00,0.000000000000000000e+00,0.000000000000000000e+00,0.000000000000000000e+00,3.243835958695466537e-02
-9.999998197211224849e+00,0.000000000000000000e+00,0.000000000000000000e+00,0.000000000000000000e+00,3.086003103715055651e-02
-9.999998197229315267e+00,0.000000000000000000e+00,0.000000000000000000e+00,0.000000000000000000e+00,2.920339315284325651e-02
-9.999998196743590029e+00,0.000000000000000000e+00,0.000000000000000000e+00,0.000000000000000000e+00,2.765041823531012508e-02
-9.999998197342554462e+00,0.000000000000000000e+00,0.000000000000000000e+00,0.000000000000000000e+00,2.589150069469298848e-02
-9.999998195379903976e+00,0.000000000000000000e+00,0.000000000000000000e+00,0.000000000000000000e+00,2.440825109798978529e-02
-9.999998197466659633e+00,0.000000000000000000e+00,0.000000000000000000e+00,0.000000000000000000e+00,2.271634227180577281e-02
-9.999998196775342407e+00,0.000000000000000000e+00,0.000000000000000000e+00,0.000000000000000000e+00,2.115524302522834091e-02
-9.999998196790091498e+00,0.000000000000000000e+00,0.000000000000000000e+00,0.000000000000000000e+00,1.950033052699005204e-02
-9.999998197300447700e+00,0.000000000000000000e+00,0.000000000000000000e+00,0.000000000000000000e+00,1.795371163557515914e-02
-9.999998197326021909e+00,0.000000000000000000e+00,0.000000000000000000e+00,0.000000000000000000e+00,1.639332717207837506e-02
-9.999998196900113712e+00,0.000000000000000000e+00,0.000000000000000000e+00,0.000000000000000000e+00,1.474578442978499715e-02
-9.999998197032535785e+00,0.000000000000000000e+00,0.000000000000000000e+00,0.000000000000000000e+00,1.312097910234478158e-02
-9.999998197471891004e+00,0.000000000000000000e+00,0.000000000000000000e+00,0.000000000000000000e+00,1.154880981197854012e-02
-9.999998196962920360e+00,0.000000000000000000e+00,0.000000000000000000e+00,0.000000000000000000e+00,1.004491777363691364e-02
-9.999997608502516400e+00,0.000000000000000000e+00,0.000000000000000000e+00,0.000000000000000000e+00,8.452490643107379853e-03
-9.999994875026285257e+00,0.000000000000000000e+00,0.000000000000000000e+00,0.000000000000000000e+00,6.679996553801929339e-03
-5.845917273034408890e-01,0.000000000000000000e+00,0.000000000000000000e+00,0.000000000000000000e+00,6.011524402189714553e-03
8.079603320921598109e-02,0.000000000000000000e+00,0.000000000000000000e+00,0.000000000000000000e+00,5.985825793190114458e-03
8.080064970883570064e-02,0.000000000000000000e+00,0.000000000000000000e+00,0.000000000000000000e+00,6.011106842557973479e-03
8.083739485567759120e-02,0.000000000000000000e+00,0.000000000000000000e+00,0.000000000000000000e+00,6.035181043171012477e-03
8.087767016750208038e-02,0.000000000000000000e+00,0.000000000000000000e+00,0.000000000000000000e+00,6.049130689982382646e-03
8.086568302507517181e-02,0.000000000000000000e+00,0.000000000000000000e+00,0.000000000000000000e+00,6.069388359045077737e-03
8.089692702947205716e-02,0.000000000000000000e+00,0.000000000000000000e+00,0.000000000000000000e+00,6.079910308610349083e-03
8.094738714080361441e-02,0.000000000000000000e+00,0.000000000000000000e+00,0.000000000000000000e+00,6.117402403178371847e-03
8.100221735823218139e-02,0.000000000000000000e+00,0.000000000000000000e+00,0.000000000000000000e+00,6.128929384357839801e-03
8.096070014279471705e-02,0.000000000000000000e+00,0.000000000000000000e+00,0.000000000000000000e+00,6.154149568301676802e-03
8.099157673563533999e-02,0.000000000000000000e+00,0.000000000000000000e+00,0.000000000000000000e+00,6.157189299048135625e-03
8.103433729266590335e-02,0.000000000000000000e+00,0.000000000000000000e+00,0.000000000000000000e+00,6.187054675828022876e-03
8.105556883521786160e-02,0.000000000000000000e+00,0.000000000000000000e+00,0.000000000000000000e+00,6.196366229444196308e-03
8.111538893524856964e-02,0.000000000000000000e+00,0.000000000000000000e+00,0.000000000000000000e+00,6.230099180687595321e-03
8.107500851875809600e-02,0.000000000000000000e+00,0.000000000000000000e+00,0.000000000000000000e+00,6.241516624690300261e-03
8.112840730410338097e-02,0.000000000000000000e+00,0.000000000000000000e+00,0.000000000000000000e+00,6.260613723820157399e-03
8.113889801189588802e-02,0.000000000000000000e+00,0.000000000000000000e+00,0.000000000000000000e+00,6.268287967024756269e-03
8.119116115772152809e-02,0.000000000000000000e+00,0.000000000000000000e+00,0.000000000000000000e+00,6.307346881510805456e-03
8.120638686077195911e-02,0.000000000000000000e+00,0.000000000000000000e+00,0.000000000000000000e+00,6.319537912725357170e-03
8.125788183427626321e-02,0.000000000000000000e+00,0.000000000000000000e+00,0.000000000000000000e+00,6.334601355464792617e-03
8.121903908958552631e-02,0.000000000000000000e+00,0.000000000000000000e+00,0.000000000000000000e+00,6.355009688922155439e-03
8.127627191366028347e-02,0.000000000000000000e+00,0.000000000000000000e+00,0.000000000000000000e+00,6.364832073696130750e-03
8.129579192714274372e-02,0.000000000000000000e+00,0.000000000000000000e+00,0.000000000000000000e+00,6.398774981267884958e-03
8.132171851520010597e-02,0.000000000000000000e+00,0.000000000000000000e+00,0.000000000000000000e+00,6.407910099221687458e-03
8.134486567842014182e-02,0.000000000000000000e+00,0.000000000000000000e+00,0.000000000000000000e+00,6.439460507361043952e-03
8.137010299556737825e-02,0.000000000000000000e+00,0.000000000000000000e+00,0.000000000000000000e+00,6.436469790233798755e-03
8.139521217984632684e-02,0.000000000000000000e+00,0.000000000000000000e+00,0.000000000000000000e+00,6.467541389842715663e-03
8.142166520291041487e-02,0.000000000000000000e+00,0.000000000000000000e+00,0.000000000000000000e+00,6.485159128001636956e-03
8.143912025535667010e-02,0.000000000000000000e+00,0.000000000000000000e+00,0.000000000000000000e+00,6.499130995350123167e-03
8.146526475278452473e-02,0.000000000000000000e+00,0.000000000000000000e+00,0.000000000000000000e+00,6.520704800655848475e-03
8.148811998124344536e-02,0.000000000000000000e+00,0.000000000000000000e+00,0.000000000000000000e+00,6.539560389867758554e-03
8.151180537594188147e-02,0.000000000000000000e+00,0.000000000000000000e+00,0.000000000000000000e+00,6.559968713170308621e-03
8.154031057359782675e-02,0.000000000000000000e+00,0.000000000000000000e+00,0.000000000000000000e+00,6.575921311525717745e-03
8.156217801146077584e-02,0.000000000000000000e+00,0.000000000000000000e+00,0.000000000000000000e+00,6.594083607076753166e-03
8.158472033121952349e-02,0.000000000000000000e+00,0.000000000000000000e+00,0.000000000000000000e+00,6.609592270672919045e-03
8.160097247235068019e-02,0.000000000000000000e+00,0.000000000000000000e+00,0.000000000000000000e+00,6.629258585458056019e-03
8.163720784593359037e-02,0.000000000000000000e+00,0.000000000000000000e+00,0.000000000000000000e+00,6.650731930645430515e-03
8.168027880283167119e-02,0.000000000000000000e+00,0.000000000000000000e+00,0.000000000000000000e+00,6.665975736201427276e-03
8.164843137829068398e-02,0.000000000000000000e+00,0.000000000000000000e+00,0.000000000000000000e+00,6.683668068380711064e-03
8.170136426301952137e-02,0.000000000000000000e+00,0.000000000000000000e+00,0.000000000000000000e+00,6.702997058967967263e-03
8.172135034303246170e-02,0.000000000000000000e+00,0.000000000000000000e+00,0.000000000000000000e+00,6.713835718178262982e-03
8.175264227057449373e-02,0.000000000000000000e+00,0.000000000000000000e+00,0.000000000000000000e+00,6.746717966132528312e-03
8.176690146993115249e-02,0.000000000000000000e+00,0.000000000000000000e+00,0.000000000000000000e+00,6.774096691103797738e-03
8.179655685889727912e-02,0.000000000000000000e+00,0.000000000000000000e+00,0.000000000000000000e+00,6.765174387970901600e-03
8.182951956373950286e-02,0.000000000000000000e+00,0.000000000000000000e+00,0.000000000000000000e+00,6.794528501525080345e-03
8.183167530978037452e-02,0.000000000000000000e+00,0.000000000000000000e+00,0.000000000000000000e+00,6.800080245097655726e-03
8.185918970805639017e-02,0.000000000000000000e+00,0.000000000000000000e+00,0.000000000000000000e+00,6.824435620950507382e-03
8.190071285161948378e-02,0.000000000000000000e+00,0.000000000000000000e+00,0.000000000000000000e+00,6.845201838722437399e-03
8.189851388348787231e-02,0.000000000000000000e+00,0.000000000000000000e+00,0.000000000000000000e+00,6.873157078754635156e-03
8.193710007298990461e-02,0.000000000000000000e+00,0.000000000000000000e+00,0.000000000000000000e+00,6.875614459198240574e-03
8.194787000567770041e-02,0.000000000000000000e+00,0.000000000000000000e+00,0.000000000000000000e+00,6.898372569799604039e-03
8.198258210121919798e-02,0.000000000000000000e+00,0.000000000000000000e+00,0.000000000000000000e+00,6.914058444427879750e-03
8.200635092689022299e-02,0.000000000000000000e+00,0.000000000000000000e+00,0.000000000000000000e+00,6.933774678145526033e-03
8.202859317021370111e-02,0.000000000000000000e+00,0.000000000000000000e+00,0.000000000000000000e+00,6.953305192924774149e-03
8.204095911893820314e-02,0.000000000000000000e+00,0.000000000000000000e+00,0.000000000000000000e+00,6.967920477894318579e-03
8.205915050013767864e-02,0.000000000000000000e+00,0.000000000000000000e+00,0.000000000000000000e+00,6.976568303818667105e-03
8.211091507203885365e-02,0.000000000000000000e+00,0.000000000000000000e+00,0.000000000000000000e+00,7.016607852353139683e-03
8.211248950829090620e-02,0.000000000000000000e+00,0.000000000000000000e+00,0.000000000000000000e+00,7.018374785027704267e-03
8.214717844487398613e-02,0.000000000000000000e+00,0.000000000000000000e+00,0.000000000000000000e+00,7.049354144779993413e-03
8.215473359482065863e-02,0.000000000000000000e+00,0.000000000000000000e+00,0.000000000000000000e+00,7.045559925660601838e-03
8.219210509574782775e-02,0.000000000000000000e+00,0.000000000000000000e+00,0.000000000000000000e+00,7.072999073274847080e-03
8.220054342644451950e-02,0.000000000000000000e+00,0.000000000000000000e+00,0.000000000000000000e+00,7.093123317643591774e-03
8.223093145659902958e-02,0.000000000000000000e+00,0.000000000000000000e+00,0.000000000000000000e+00,7.107215014052900397e-03
8.225585045075073376e-02,0.000000000000000000e+00,0.000000000000000000e+00,0.000000000000000000e+00,7.126175529892620451e-03
8.227983802551377956e-02,0.000000000000000000e+00,0.000000000000000000e+00,0.000000000000000000e+00,7.141610487134329895e-03
8.229829537757868407e-02,0.000000000000000000e+00,0.000000000000000000e+00,0.000000000000000000e+00,7.160112533470951168e-03
8.232681940777361596e-02,0.000000000000000000e+00,0.000000000000000000e+00,0.000000000000000000e+00,7.196009475924099348e-03
8.233436268332344765e-02,0.000000000000000000e+00,0.000000000000000000e+00,0.000000000000000000e+00,7.177914764734365759e-03
8.236662544096928773e-02,0.000000000000000000e+00,0.000000000000000000e+00,0.000000000000000000e+00,7.210647905604556339e-03
8.238300379031161802e-02,0.000000000000000000e+00,0.000000000000000000e+00,0.000000000000000000e+00,7.232983444453689251e-03
8.241505918924751928e-02,0.000000000000000000e+00,0.000000000000000000e+00,0.000000000000000000e+00,7.243796999078334214e-03
8.243202547753049336e-02,0.000000000000000000e+00,0.000000000000000000e+00,0.000000000000000000e+00,7.260161682793742771e-03
8.245511033594145334e-02,0.000000000000000000e+00,0.000000000000000000e+00,0.000000000000000000e+00,7.279610131793203681e-03
8.248024130267062048e-02,0.000000000000000000e+00,0.000000000000000000e+00,0.000000000000000000e+00,7.299762740254404220e-03
8.249530036545131562e-02,0.000000000000000000e+00,0.000000000000000000e+00,0.000000000000000000e+00,7.312390288564227410e-03
8.252187590907600345e-02,0.000000000000000000e+00,0.000000000000000000e+00,0.000000000000000000e+00,7.328639317966680403e-03
8.253256998485707097e-02,0.000000000000000000e+00,0.000000000000000000e+00,0.000000000000000000e+00,7.338513554767969044e-03
8.257902375630535308e-02,0.000000000000000000e+00,0.000000000000000000e+00,0.000000000000000000e+00,7.373174106957055760e-03
8.259148055282708456e-02,0.000000000000000000e+00,0.000000000000000000e+00,0.000000000000000000e+00,7.383802852626262202e-03
8.261290730628188805e-02,0.000000000000000000e+00,0.000000000000000000e+00,0.000000000000000000e+00,7.397245980109198003e-03
8.263212043699176557e-02,0.000000000000000000e+00,0.000000000000000000e+00,0.000000000000000000e+00,7.419859390087389477e-03
8.265686477619182959e-02,0.000000000000000000e+00,0.000000000000000000e+00,0.000000000000000000e+00,7.425467045499972545e-03
8.267692511820400048e-02,0.000000000000000000e+00,0.000000000000000000e+00,0.000000000000000000e+00,7.448536377738306305e-03
8.269469081103766883e-02,0.000000000000000000e+00,0.000000000000000000e+00,0.000000000000000000e+00,7.463336724978558191e-03
8.272596153051607615e-02,0.000000000000000000e+00,0.000000000000000000e+00,0.000000000000000000e+00,7.484129008581194738e-03
8.274514303629401657e-02,0.000000000000000000e+00,0.000000000000000000e+00,0.000000000000000000e+00,7.497507662542520455e-03
8.276373028066560944e-02,0.000000000000000000e+00,0.000000000000000000e+00,0.000000000000000000e+00,7.512611660540533497e-03
8.278220856892784529e-02,0.000000000000000000e+00,0.000000000000000000e+00,0.000000000000000000e+00,7.531297776368086304e-03
8.281372285693935908e-02,0.000000000000000000e+00,0.000000000000000000e+00,0.000000000000000000e+00,7.549782657996387952e-03
8.282611548635691878e-02,0.000000000000000000e+00,0.000000000000000000e+00,0.000000000000000000e+00,7.564171718876735659e-03
8.285757885052813521e-02,0.000000000000000000e+00,0.000000000000000000e+00,0.000000000000000000e+00,7.580328477195693443e-03
8.286751589031000897e-02,0.000000000000000000e+00,0.000000000000000000e+00,0.000000000000000000e+00,7.598337498496586170e-03
8.289900924560134055e-02,0.000000000000000000e+00,0.000000000000000000e+00,0.000000000000000000e+00,7.613293573920025363e-03
8.291709991167950378e-02,0.000000000000000000e+00,0.000000000000000000e+00,0.000000000000000000e+00,7.629836564704659853e-03
8.293954234918425594e-02,0.000000000000000000e+00,0.000000000000000000e+00,0.000000000000000000e+00,7.645217587323182434e-03
8.295996989244176778e-02,0.000000000000000000e+00,0.000000000000000000e+00,0.000000000000000000e+00,7.668178391538782619e-03
8.299042086447550037e-02,0.000000000000000000e+00,0.000000000000000000e+00,0.000000000000000000e+00,7.674704834135109149e-03
8.299932835757689586e-02,0.000000000000000000e+00,0.000000000000000000e+00,0.000000000000000000e+00,7.694801497196470871e-03
8.302322433768337395e-02,0.000000000000000000e+00,0.000000000000000000e+00,0.000000000000000000e+00,7.712204746081468588e-03
8.304988107166062783e-02,0.000000000000000000e+00,0.000000000000000000e+00,0.000000000000000000e+00,7.727379907510443895e-03
8.307447061652531439e-02,0.000000000000000000e+00,0.000000000000000000e+00,0.000000000000000000e+00,7.746794157347113192e-03
8.309385718786187203e-02,0.000000000000000000e+00,0.000000000000000000e+00,0.000000000000000000e+00,7.759992088391492321e-03
8.310767455231825307e-02,0.000000000000000000e+00,0.000000000000000000e+00,0.000000000000000000e+00,7.776059165047134042e-03
8.313023240931613489e-02,0.000000000000000000e+00,0.000000000000000000e+00,0.000000000000000000e+00,7.794100781864751748e-03
8.316260380207320113e-02,0.000000000000000000e+00,0.000000000000000000e+00,0.000000000000000000e+00,7.805925404096505406e-03
8.316984428149050423e-02,0.000000000000000000e+00,0.000000000000000000e+00,0.000000000000000000e+00,7.827217684374662005e-03
8.319691122672494277e-02,0.000000000000000000e+00,0.000000000000000000e+00,0.000000000000000000e+00,7.839430314985292719e-03
8.321923860582562671e-02,0.000000000000000000e+00,0.000000000000000000e+00,0.000000000000000000e+00,7.859506686786062526e-03
8.324018553592414660e-02,0.000000000000000000e+00,0.000000000000000000e+00,0.000000000000000000e+00,7.873017338462505801e-03
8.326802161288364423e-02,0.000000000000000000e+00,0.000000000000000000e+00,0.000000000000000000e+00,7.887802591160435889e-03
8.328106640005446260e-02,0.000000000000000000e+00,0.000000000000000000e+00,0.000000000000000000e+00,7.904918891484678106e-03
8.330027842221397749e-02,0.000000000000000000e+00,0.000000000000000000e+00,0.000000000000000000e+00,7.922146129518329791e-03
8.332580556104327019e-02,0.000000000000000000e+00,0.000000000000000000e+00,0.000000000000000000e+00,7.935095805238377362e-03
8.335122203656186723e-02,0.000000000000000000e+00,0.000000000000000000e+00,0.000000000000000000e+00,7.954884924016636383e-03
8.336673153232161682e-02,0.000000000000000000e+00,0.000000000000000000e+00,0.000000000000000000e+00,7.967701117958733703e-03
8.339087438583592249e-02,0.000000000000000000e+00,0.000000000000000000e+00,0.000000000000000000e+00,7.984743152835246938e-03
8.340399248116597830e-02,0.000000000000000000e+00,0.000000000000000000e+00,0.000000000000000000e+00,7.999379187713574757e-03
8.343069260437295520e-02,0.000000000000000000e+00,0.000000000000000000e+00,0.000000000000000000e+00,8.016313776019325793e-03
8.345602321179437788e-02,0.000000000000000000e+00,0.000000000000000000e+00,0.000000000000000000e+00,8.034958272058016771e-03
8.347542418006606568e-02,0.000000000000000000e+00,0.000000000000000000e+00,0.000000000000000000e+00,8.045727543104974969e-03
8.350070823620597826e-02,0.000000000000000000e+00,0.000000000000000000e+00,0.000000000000000000e+00,8.063499225647228347e-03
8.350669048143652407e-02,0.000000000000000000e+00,0.000000000000000000e+00,0.000000000000000000e+00,8.078783515185939887e-03
8.353608534570862443e-02,0.000000000000000000e+00,0.000000000000000000e+00,0.000000000000000000e+00,8.095833025721184059e-03
8.355235491035657713e-02,0.000000000000000000e+00,0.000000000000000000e+00,0.000000000000000000e+00,8.135127880753996454e-03
8.358369115661594406e-02,0.000000000000000000e+00,0.000000000000000000e+00,0.000000000000000000e+00,8.100839754845249110e-03
8.359855474016568422e-02,0.000000000000000000e+00,0.000000000000000000e+00,0.000000000000000000e+00,8.141672927868503357e-03
8.361315110436441655e-02,0.000000000000000000e+00,0.000000000000000000e+00,0.000000000000000000e+00,8.157762957217588873e-03
8.364472140384557330e-02,0.000000000000000000e+00,0.000000000000000000e+00,0.000000000000000000e+00,8.174253076876624238e-03
8.365719122577018607e-02,0.000000000000000000e+00,0.000000000000000000e+00,0.000000000000000000e+00,8.185669405951112587e-03
8.368527111135221075e-02,0.000000000000000000e+00,0.000000000000000000e+00,0.000000000000000000e+00,8.205667237455379834e-03
8.370292771897040740e-02,0.000000000000000000e+00,0.000000000000000000e+00,0.000000000000000000e+00,8.219088937126089664e-03
8.372673261286248114e-02,0.000000000000000000e+00,0.000000000000000000e+00,0.000000000000000000e+00,8.234151783436080216e-03
8.373939467090084354e-02,0.000000000000000000e+00,0.000000000000000000e+00,0.000000000000000000e+00,8.250597250901157628e-03
8.376041394982415567e-02,0.000000000000000000e+00,0.000000000000000000e+00,0.000000000000000000e+00,8.265377251480934134e-03
8.379099703187754822e-02,0.000000000000000000e+00,0.000000000000000000e+00,0.000000000000000000e+00,8.281180056017911628e-03
8.379969417205060389e-02,0.000000000000000000e+00,0.000000000000000000e+00,0.000000000000000000e+00,8.297336664291001321e-03
8.382908543266509582e-02,0.000000000000000000e+00,0.000000000000000000e+00,0.000000000000000000e+00,8.310876156824766742e-03
8.384814866643006126e-02,0.000000000000000000e+00,0.000000000000000000e+00,0.000000000000000000e+00,8.326225797046119675e-03
8.386768164414551419e-02,0.000000000000000000e+00,0.000000000000000000e+00,0.000000000000000000e+00,8.343561142067234052e-03
8.388570407339036861e-02,0.000000000000000000e+00,0.000000000000000000e+00,0.000000000000000000e+00,8.357483734769716177e-03
8.390442428929598129e-02,0.000000000000000000e+00,0.000000000000000000e+00,0.000000000000000000e+00,8.372042576603688085e-03
8.393518844501346443e-02,0.000000000000000000e+00,0.000000000000000000e+00,0.000000000000000000e+00,8.389326347237336876e-03
8.394420599581088605e-02,0.000000000000000000e+00,0.000000000000000000e+00,0.000000000000000000e+00,8.401725233545858512e-03
8.397124378297290970e-02,0.000000000000000000e+00,0.000000000000000000e+00,0.000000000000000000e+00,8.420130597254455590e-03
8.398801675808015288e-02,0.000000000000000000e+00,0.000000000000000000e+00,0.000000000000000000e+00,8.433027995621414363e-03
8.400950460753132953e-02,0.000000000000000000e+00,0.000000000000000000e+00,0.000000000000000000e+00,8.448956070830550280e-03
8.402928898410269576e-02,0.000000000000000000e+00,0.000000000000000000e+00,0.000000000000000000e+00,8.465415941680346987e-03
8.405462873507164867e-02,0.000000000000000000e+00,0.000000000000000000e+00,0.000000000000000000e+00,8.477831418345186526e-03
8.406755638733580394e-02,0.000000000000000000e+00,0.000000000000000000e+00,0.000000000000000000e+00,8.492578906859313964e-03
8.409087025444279828e-02,0.000000000000000000e+00,0.000000000000000000e+00,0.000000000000000000e+00,8.510474019517696997e-03
8.411709500865507949e-02,0.000000000000000000e+00,0.000000000000000000e+00,0.000000000000000000e+00,8.526150653741567526e-03
8.412975101341896300e-02,0.000000000000000000e+00,0.000000000000000000e+00,0.000000000000000000e+00,8.538536180960922678e-03
8.414966300733336957e-02,0.000000000000000000e+00,0.000000000000000000e+00,0.000000000000000000e+00,8.554551117738421959e-03
8.416774959335583672e-02,0.000000000000000000e+00,0.000000000000000000e+00,0.000000000000000000e+00,8.581947357961517558e-03
8.418883251533493262e-02,0.000000000000000000e+00,0.000000000000000000e+00,0.000000000000000000e+00,8.571257594820309855e-03
8.422084740045308882e-02,0.000000000000000000e+00,0.000000000000000000e+00,0.000000000000000000e+00,8.599268412024466818e-03
8.422815661111930641e-02,0.000000000000000000e+00,0.000000000000000000e+00,0.000000000000000000e+00,8.615543412919894270e-03
8.425541558088228689e-02,0.000000000000000000e+00,0.000000000000000000e+00,0.000000000000000000e+00,8.628668353774925082e-03
8.427211936571456230e-02,0.000000000000000000e+00,0.000000000000000000e+00,0.000000000000000000e+00,8.644001730419613796e-03
8.429473979479702728e-02,0.000000000000000000e+00,0.000000000000000000e+00,0.000000000000000000e+00,8.659452060547826943e-03
8.430957759819300568e-02,0.000000000000000000e+00,0.000000000000000000e+00,0.000000000000000000e+00,8.673090465291848072e-03
8.433256558331722608e-02,0.000000000000000000e+00,0.000000000000000000e+00,0.000000000000000000e+00,8.687680706494475477e-03
8.434910739041226457e-02,0.000000000000000000e+00,0.000000000000000000e+00,0.000000000000000000e+00,8.705219981945559737e-03
8.437327706297256813e-02,0.000000000000000000e+00,0.000000000000000000e+00,0.000000000000000000e+00,8.716267714101685535e-03
8.439256350914463300e-02,0.000000000000000000e+00,0.000000000000000000e+00,0.000000000000000000e+00,8.733623830164410559e-03
8.441137837471378302e-02,0.000000000000000000e+00,0.000000000000000000e+00,0.000000000000000000e+00,8.747616109431026465e-03
8.442962731199932236e-02,0.000000000000000000e+00,0.000000000000000000e+00,0.000000000000000000e+00,8.762649240042729576e-03
8.445322684915858302e-02,0.000000000000000000e+00,0.000000000000000000e+00,0.000000000000000000e+00,8.775881486232059089e-03
8.447078835132403041e-02,0.000000000000000000e+00,0.000000000000000000e+00,0.000000000000000000e+00,8.792492288441672299e-03
8.449207981496539843e-02,0.000000000000000000e+00,0.000000000000000000e+00,0.000000000000000000e+00,8.807037312879188035e-03
8.450528732790156539e-02,0.000000000000000000e+00,0.000000000000000000e+00,0.000000000000000000e+00,8.820803613064890844e-03
8.453403116773190729e-02,0.000000000000000000e+00,0.000000000000000000e+00,0.000000000000000000e+00,8.830901489461766632e-03
8.454928440702140502e-02,0.000000000000000000e+00,0.000000000000000000e+00,0.000000000000000000e+00,8.854305876977563300e-03
8.456969557224901235e-02,0.000000000000000000e+00,0.000000000000000000e+00,0.000000000000000000e+00,8.865740699027180316e-03
8.458480653544447891e-02,0.000000000000000000e+00,0.000000000000000000e+00,0.000000000000000000e+00,8.881746758820252552e-03
8.461442224306810200e-02,0.000000000000000000e+00,0.000000000000000000e+00,0.000000000000000000e+00,8.891526475856137771e-03
8.462779809224413308e-02,0.000000000000000000e+00,0.000000000000000000e+00,0.000000000000000000e+00,8.909867957228099003e-03
8.464906448437617414e-02,0.000000000000000000e+00,0.000000000000000000e+00,0.000000000000000000e+00,8.944716031992603136e-03
8.465992102897523797e-02,0.000000000000000000e+00,0.000000000000000000e+00,0.000000000000000000e+00,8.915638441315473783e-03
8.470140369799473989e-02,0.000000000000000000e+00,0.000000000000000000e+00,0.000000000000000000e+00,8.949607601030530948e-03
8.469480604839954574e-02,0.000000000000000000e+00,0.000000000000000000e+00,0.000000000000000000e+00,8.966012207549760998e-03
8.472507338302290303e-02,0.000000000000000000e+00,0.000000000000000000e+00,0.000000000000000000e+00,8.988124170943124353e-03
8.475631088525022172e-02,0.000000000000000000e+00,0.000000000000000000e+00,0.000000000000000000e+00,8.988018910029017816e-03
8.475843109763998851e-02,0.000000000000000000e+00,0.000000000000000000e+00,0.000000000000000000e+00,9.011088714001377550e-03
8.477670822701015296e-02,0.000000000000000000e+00,0.000000000000000000e+00,0.000000000000000000e+00,9.036622719076533791e-03
8.480757721597867449e-02,0.000000000000000000e+00,0.000000000000000000e+00,0.000000000000000000e+00,9.023554036576902568e-03
8.482147658328541284e-02,0.000000000000000000e+00,0.000000000000000000e+00,0.000000000000000000e+00,9.053140523833810849e-03
8.484575742559988254e-02,0.000000000000000000e+00,0.000000000000000000e+00,0.000000000000000000e+00,9.068379993735475528e-03
